Sample_ID,Language,Error_Type,Token_Length,Token_Preview,Full_Token,Context
sw2005_B_2,CS,Long_Token,68," je to jedna z posledních věcí na světě, které bys kdy chtěl udělat "," je to jedna z posledních věcí na světě, které bys kdy chtěl udělat ","
_No, samozřejmě, to je _, _ ty víš _, _ je to jedna z posledních věcí na světě, které bys kdy chtěl udělat _, _ ty víš _. _ Ledaže je to prostě _, _ ty víš _, _ opravdu _, _ ty víš _, _ a, ehm, pro n..."
sw2005_B_2,DE,Long_Token,88," , es ist eines der letzten paar Dinge in der Welt, die du jemals wollen würdest zu tun "," , es ist eines der letzten paar Dinge in der Welt, die du jemals wollen würdest zu tun ","_Also_, natürlich, _es_ _ ist_ _, _ _du_ _ weisst _ _ , es ist eines der letzten paar Dinge in der Welt, die du jemals wollen würdest zu tun _ _ , du _ _weisst _ _ . Unless es ist einfach_, _ _ du _ _..."
sw2005_B_2,DE,Long_Token,24, . Unless es ist einfach, . Unless es ist einfach,"_Also_, natürlich, _es_ _ ist_ _, _ _du_ _ weisst _ _ , es ist eines der letzten paar Dinge in der Welt, die du jemals wollen würdest zu tun _ _ , du _ _weisst _ _ . Unless es ist einfach_, _ _ du _ _..."
sw2005_B_4,DE,Long_Token,110,", oder, hatte t-, meine Mutter in ein Pflegeheim zu bringen. Sie hatte einen eher massiven Schlaganf...",", oder, hatte t-, meine Mutter in ein Pflegeheim zu bringen. Sie hatte einen eher massiven Schlaganfall about ","Ich wäre sehr sehr vorsichtig_ und _ _ , uh _ _ du _ _weisst _ _ Überprüfen Sie sie. _Uh_, oder, hatte t-, meine Mutter in ein Pflegeheim zu bringen. Sie hatte einen eher massiven Schlaganfall about _..."
sw2005_B_14,CS,Long_Token,83," při prověřování všech těch míst, která, ehm, by mohla být k dispozici. Samozřejmě "," při prověřování všech těch míst, která, ehm, by mohla být k dispozici. Samozřejmě ","
_Ty víš _, _ je něco jiného, co jsme mohli udělat _, _ ty víš _, _ při prověřování všech těch míst, která, ehm, by mohla být k dispozici. Samozřejmě _, _ ty víš _, _ není jedno na každém rohu, zejmén..."
sw2005_A_19,DE,Long_Token,128," in meiner Familie, uh, meine Großmutter, sie musste in ein Pflegeheim getan werden und, um, sie hat..."," in meiner Familie, uh, meine Großmutter, sie musste in ein Pflegeheim getan werden und, um, sie hatte den Rollator benutzt for ","_Uh-huh _ _ Yeah _ _ , Wahrscheinlich das härteste Ding in _ _ in meiner Familie, uh, meine Großmutter, sie musste in ein Pflegeheim getan werden und, um, sie hatte den Rollator benutzt for _ _ für zi..."
sw2005_A_99,CS,Long_Token,100," myslím, že co jedna věc, která je pravděpodobně znepokojovala, byla skutečnost, že to nebylo nutně "," myslím, že co jedna věc, která je pravděpodobně znepokojovala, byla skutečnost, že to nebylo nutně ","A,_ehm, já _, _ já _, _ myslím, že co jedna věc, která je pravděpodobně znepokojovala, byla skutečnost, že to nebylo nutně _, _ _ ty víš _, _ _ jako množství péče, ale kvalita, péče."
sw2005_A_99,DE,Long_Token,101, one thing das sie sich wahrscheinlich Sorgen machten war die Tatsache es war nicht notwendigerweise..., one thing das sie sich wahrscheinlich Sorgen machten war die Tatsache es war nicht notwendigerweise ,"Und, um, I _ _ I think that what _ one thing das sie sich wahrscheinlich Sorgen machten war die Tatsache es war nicht notwendigerweise _ _ you know _ _ wie die Quantität von Pflege sondern die Qualitä..."
sw2005_A_99,ES,Long_Token,73," les preocupaba probablemente era el hecho de que no era necesariamente, "," les preocupaba probablemente era el hecho de que no era necesariamente, ","Y, _eh_, _yo_, _yo_ _creo_que_ lo único _que_ les preocupaba probablemente era el hecho de que no era necesariamente, _ya sabes_, la cantidad de cuidados, sino la calidad de los cuidados."
sw2005_A_147,CS,Long_Token,79," ehm, s mnoha mnoha lidmi, zejména tam, kde měli, ehm, rozšířenou rodinu. A já "," ehm, s mnoha mnoha lidmi, zejména tam, kde měli, ehm, rozšířenou rodinu. A já ","_Jo _. _ Ale, ehm, já _, _ já _, _ myslím, že _, _ ty víš _, _ my vždy _, _ ehm _, _ J edy _, _ já jsem _, _ já jsem měl spoustu dobrých zkušeností s _, _ ehm, s mnoha mnoha lidmi, zejména tam, kde mě..."
sw2005_A_147,CS,Long_Token,90, bychom se mohli potřebovat jako přiblížit k rodinnému prostředí a a dostat se k hodnotám , bychom se mohli potřebovat jako přiblížit k rodinnému prostředí a a dostat se k hodnotám ,"_Jo _. _ Ale, ehm, já _, _ já _, _ myslím, že _, _ ty víš _, _ my vždy _, _ ehm _, _ J edy _, _ já jsem _, _ já jsem měl spoustu dobrých zkušeností s _, _ ehm, s mnoha mnoha lidmi, zejména tam, kde mě..."
sw2005_A_147,DE,Long_Token,105, wir könnten brauchen like nah zu kommen zur Familienumgebung and und runter zu kommen zu den Werten..., wir könnten brauchen like nah zu kommen zur Familienumgebung and und runter zu kommen zu den Werten von ,"Yeah _ _ But, uh, I _ _ I _ _ I think that _ _ you know _ _ we always _ _ uh _ _ I mean _ _ I ve _ _ I've had viele gute Erfahrungen with _ _ uh, mit many many Menschen besonders wo sie hatten, uh, er..."
sw2008_B_6,CS,Long_Token,73,", nosím obleky, nosím sukně a svetry. Při příležitosti můžu nosit džíny. ",", nosím obleky, nosím sukně a svetry. Při příležitosti můžu nosit džíny. ","_Ehm, měním se. _Ehm, víš_, nosím obleky, nosím sukně a svetry. Při příležitosti můžu nosit džíny. _Ehm_, a co ty?"
sw2008_B_6,DE,Long_Token,76,", ich trage Anzüge, Röcke und Pullover. Gelegentlich kann ich Jeans tragen. ",", ich trage Anzüge, Röcke und Pullover. Gelegentlich kann ich Jeans tragen. ","_Ähm_, ich variiere schon. _Ähm_ _, _wissen_ _Sie_, ich trage Anzüge, Röcke und Pullover. Gelegentlich kann ich Jeans tragen. _Ähm_, wie sieht es bei Ihnen aus?"
sw2010_B_22,CS,Long_Token,46," to nikam nedojde, že to bude jen nuda. Takže "," to nikam nedojde, že to bude jen nuda. Takže ","Souhlasím s tím. _Ehm_, _já_ _, _ jsem si včera v novinách všiml, že něco říkalo, že to bylo nominováno na dvanáct cen _a_ _, _ a všichni kritici původně říkali, že _, _víš_ _, _ to nikam nedojde, že ..."
sw2010_B_22,ES,Long_Token,73," no iba a llegar a ningún lado, que iba a ser un fracaso. Entonces, ello "," no iba a llegar a ningún lado, que iba a ser un fracaso. Entonces, ello ","Estoy de acuerdo con eso. Um, yo _, _ noté ayer en el periódico, algo decía que, creo que ha sido nominada para doce premios y _, _ y todos los críticos inicialmente dijeron que _, _ tú sabes, _ no ib..."
sw2010_A_23,CS,Long_Token,54," občas přehánět, když mi někdo říká, že je to skvělé. "," občas přehánět, když mi někdo říká, že je to skvělé. ","_No_, zajímavá věc _byla_ ta, že jsem to slyšel, a _já_ _, _já_ _, _ mám tendenci _, _já_ _, _myslím_ _, _ občas přehánět, když mi někdo říká, že je to skvělé. _A_ _, _ a _to_ _bylo_ _, _ věc je, _to_..."
sw2010_A_23,ES,Long_Token,77, sobre-reaccionar ocasionalmente cuando alguien me dice que es tan genial. Y , sobre-reaccionar ocasionalmente cuando alguien me dice que es tan genial. Y ,"Bueno, lo interesante fue es que había oído eso, y yo _, _ yo _, _ tiendo a _, _ yo pienso, _ sobre-reaccionar ocasionalmente cuando alguien me dice que es tan genial. Y _, _ y ello fue, _ la cosa es,..."
sw2010_B_38,ES,Long_Token,66," no hay realmente ninguna, uh, sangre y tripas ni nada de eso. Es "," no hay realmente ninguna, uh, sangre y tripas ni nada de eso. Es ","Es de suspenso. No creo que sea muy sangrienta-, quiero decir, _ no hay realmente ninguna, uh, sangre y tripas ni nada de eso. Es _, _ es más suspenso. Um, la otra, EL SILENCIO DE LOS INOCENTES, es un..."
sw2010_B_38,ES,Long_Token,76," es más suspenso. Um, la otra, EL SILENCIO DE LOS INOCENTES, es un poco una "," es más suspenso. Um, la otra, EL SILENCIO DE LOS INOCENTES, es un poco una ","Es de suspenso. No creo que sea muy sangrienta-, quiero decir, _ no hay realmente ninguna, uh, sangre y tripas ni nada de eso. Es _, _ es más suspenso. Um, la otra, EL SILENCIO DE LOS INOCENTES, es un..."
sw2010_B_38,ES,Long_Token,48, si a alguien no le gusta ese tipo de cosas. Es , si a alguien no le gusta ese tipo de cosas. Es ,"Es de suspenso. No creo que sea muy sangrienta-, quiero decir, _ no hay realmente ninguna, uh, sangre y tripas ni nada de eso. Es _, _ es más suspenso. Um, la otra, EL SILENCIO DE LOS INOCENTES, es un..."
sw2010_B_50,CS,Long_Token,106," získal všechny druhy ocenění nebo ať to jen bylo v pořádku na kinech, myslím, že by byl šťastný. Pr..."," získal všechny druhy ocenění nebo ať to jen bylo v pořádku na kinech, myslím, že by byl šťastný. Protože ","_Myslím_, že opravdu, jeho srdce v tom bylo, ale _já_ nemyslím, že skutečně věděl, že to bude tak velké, jaké to bylo. Myslím, že to bylo něco, co opravdu chtěl udělat. Chtěl to režírovat, chtěl v tom..."
sw2012_A_25,CS,Long_Token,281," o konspiračních teoriích CIA nebo čemkoli, by takové strany chtěly dělat bez vašeho vědomí. Takže e..."," o konspiračních teoriích CIA nebo čemkoli, by takové strany chtěly dělat bez vašeho vědomí. Takže existují věci, které narušují ten druhý typ soukromí, kde víte o nich a možná i věci, které narušují ten druhý typ soukromí bez vašeho vědomí, a nemůžu mluvit o tom druhém jinak než ","_Tak_, zřejmě ti, kteří zjistí takové informace, pokud je získávají, by raději zůstaly neznámé, a _, _já myslím__, _vy víte__, _klasické, _ach__, _já nevím_ o konspiračních teoriích CIA nebo čemkoli, ..."
sw2012_A_61,CS,Long_Token,68,", že to byl nekontrolovaný přístup k tomu, kdo by měl ty informace. ",", že to byl nekontrolovaný přístup k tomu, kdo by měl ty informace. ","_Jo_._ And, _um_, jeden z problémů s databází Lotus byl, _um_, že to byl nekontrolovaný přístup k tomu, kdo by měl ty informace. _I_ _mean_ _, _ řekli, že by ji poskytli pouze vybraným společnostem _b..."
sw2012_A_61,CS,Long_Token,54," řekli, že by ji poskytli pouze vybraným společnostem "," řekli, že by ji poskytli pouze vybraným společnostem ","_Jo_._ And, _um_, jeden z problémů s databází Lotus byl, _um_, že to byl nekontrolovaný přístup k tomu, kdo by měl ty informace. _I_ _mean_ _, _ řekli, že by ji poskytli pouze vybraným společnostem _b..."
sw2012_A_61,ES,Long_Token,57," decían que la darían solo a compañías selectas pero, um "," decían que la darían solo a compañías selectas pero, um ","Sí _. _ Y, um, uno de los problemas con la base de datos de Lotus era, um, que era acceso no controlado a quién tendría esa información. Quiero decir, _ decían que la darían solo a compañías selectas ..."
sw2012_A_63,CS,Long_Token,131,"Bylo by to pirátské a stejně by se nikdo neobtěžoval to pečlivě kontrolovat u někoho, kdo nabízí, ví...","Bylo by to pirátské a stejně by se nikdo neobtěžoval to pečlivě kontrolovat u někoho, kdo nabízí, víš, plnou hotovostní cenu za to.","
_Bylo by to pirátské a stejně by se nikdo neobtěžoval to pečlivě kontrolovat u někoho, kdo nabízí, víš, plnou hotovostní cenu za to._"
sw2012_A_87,CS,Long_Token,81,", lidé vám začnou věnovat velmi velkou pozornost a začnou se ptát a v tom smyslu ",", lidé vám začnou věnovat velmi velkou pozornost a začnou se ptát a v tom smyslu ","Však v této zemi, kde každý velmi respektuje zavřené dveře, když vyjdete ven a pak se chováte jako šílenec _vy_ _, porušujete _ty_ _, _uh_, normy _of_ _social_ _, _of_ _, veřejného chování. _Um_ _, li..."
sw2012_A_87,CS,Long_Token,71,", narušují vaši soukromí, i když, pokud víte, jaké jsou sociální normy ",", narušují vaši soukromí, i když, pokud víte, jaké jsou sociální normy ","Však v této zemi, kde každý velmi respektuje zavřené dveře, když vyjdete ven a pak se chováte jako šílenec _vy_ _, porušujete _ty_ _, _uh_, normy _of_ _social_ _, _of_ _, veřejného chování. _Um_ _, li..."
sw2012_A_87,ES,Long_Token,74," invadiendo tu privacidad aunque, si sabes cuáles son las normas sociales "," invadiendo tu privacidad aunque, si sabes cuáles son las normas sociales ","En cambio en este país donde todos respetan mucho las puertas cerradas, si sales y actúas como el lunático tú _, _ violas las _, _ uh, las normas de sociales _, _ de, um, comportamiento público. Um, l..."
sw2012_B_98,IT,Long_Token,60,"ci sono altre cose specifiche che, che ti senti come, dove, ","ci sono altre cose specifiche che, che ti senti come, dove, ","È interessante. Ci sono al-, _ci sono altre cose specifiche che, che ti senti come, dove, _dove senti che la tua privacy viene invasa su base quotidiana o magari con frequenza crescente?"
sw2012_A_99,ES,Long_Token,163,", lo cual es más intrusivo porque tengo que decirle realmente a alguien que se vaya. Y hay esa sensa...",", lo cual es más intrusivo porque tengo que decirle realmente a alguien que se vaya. Y hay esa sensación de, he abierto mi puerta, ahora ven cómo luzco, cómo vivo ","Todo _the_ _class-_,_, _the_ otro ejemplo clásico, el Testigo de Jehová _or_ _,_ o los mormones o alguien tocando a la puerta, _um_, lo cual es más intrusivo porque tengo que decirle realmente a algui..."
sw2012_A_99,IT,Long_Token,56,"o i Mormoni o qualcuno che bussa alla porta d'ingresso, ","o i Mormoni o qualcuno che bussa alla porta d'ingresso, ","Tutta la _classe_, _gli altri esempi classici, i Testimoni di Geova _o_ _, _o i Mormoni o qualcuno che bussa alla porta d'ingresso, _ehm_, che è più invadente perché devo davvero dire a qualcuno di an..."
sw2012_A_99,IT,Long_Token,161,", che è più invadente perché devo davvero dire a qualcuno di andarsene. E c'è quella sensazione di, ...",", che è più invadente perché devo davvero dire a qualcuno di andarsene. E c'è quella sensazione di, ora ho aperto la porta, ora vedono che aspetto ho, come vivo ","Tutta la _classe_, _gli altri esempi classici, i Testimoni di Geova _o_ _, _o i Mormoni o qualcuno che bussa alla porta d'ingresso, _ehm_, che è più invadente perché devo davvero dire a qualcuno di an..."
sw2015_B_18,ES,Long_Token,133, no puedes realmente detener a esas personas de venir alrededor incluso aunque ellos pongan señales ...," no puedes realmente detener a esas personas de venir alrededor incluso aunque ellos pongan señales afuera que dicen no solicitudes, ",_Uh-huh_ _uh-huh_ _Yeah_ eso es verdad. Viviendo en un complejo de apartamentos aunque _you_ _know_ _you_ _ca_nt_ _um_ no puedes realmente detener a esas personas de venir alrededor incluso aunque ell...
sw2015_B_18,ES,Long_Token,56," pero ellos todavía llegan hasta la puerta principal y, "," pero ellos todavía llegan hasta la puerta principal y, ",_Uh-huh_ _uh-huh_ _Yeah_ eso es verdad. Viviendo en un complejo de apartamentos aunque _you_ _know_ _you_ _ca_nt_ _um_ no puedes realmente detener a esas personas de venir alrededor incluso aunque ell...
sw2015_B_18,ES,Long_Token,54, caminan alrededor. Así que usualmente lo que hago es , caminan alrededor. Así que usualmente lo que hago es ,_Uh-huh_ _uh-huh_ _Yeah_ eso es verdad. Viviendo en un complejo de apartamentos aunque _you_ _know_ _you_ _ca_nt_ _um_ no puedes realmente detener a esas personas de venir alrededor incluso aunque ell...
sw2015_B_18,ES,Long_Token,52, llamar al administrador del apartamento y decirles , llamar al administrador del apartamento y decirles ,_Uh-huh_ _uh-huh_ _Yeah_ eso es verdad. Viviendo en un complejo de apartamentos aunque _you_ _know_ _you_ _ca_nt_ _um_ no puedes realmente detener a esas personas de venir alrededor incluso aunque ell...
sw2015_B_18,HI,Long_Token,115,", काफी पढ़ा है और मुझे वह खास तौर पर पसंद नहीं है, इसलिए मुझे बिल्कुल भी अच्छा नहीं लगता जब वे मेरे ...",", काफी पढ़ा है और मुझे वह खास तौर पर पसंद नहीं है, इसलिए मुझे बिल्कुल भी अच्छा नहीं लगता जब वे मेरे दरवाज़े तक आकर ","_उह-हuh_ _, _ _उह-हuh_ _. _ _हाँ_ _, _ यह सच है। लेकिन अपार्टमेंट कॉम्प्लेक्स में रहने पर _, _ _you_ _know_ _you_ _ca_ _n't_ _, _ _um_, आप सच में उन लोगों को इधर-उधर आने से रोक नहीं सकते, भले ही सामने..."
sw2015_B_20,CS,Long_Token,63,", pokud se nesnaží mě do toho vtáhnout a zatáhnout mě do toho. ",", pokud se nesnaží mě do toho vtáhnout a zatáhnout mě do toho. ","_„_Jo_“, _„_jo_“, _„_ne_“, _„_já_“, _souhlasím s tebou_. Pokud si chtějí zvolit tu konkrétní víru, to je pro mě taky v pořádku _, _víš_ _, jak dlouho_, pokud se nesnaží mě do toho vtáhnout a zatáhnout..."
sw2015_B_20,CS,Long_Token,99,", je to jejich mise, že to dělají. Cházejí od domu k domu a jdou ven do veřejnosti a skutečně mají ",", je to jejich mise, že to dělají. Cházejí od domu k domu a jdou ven do veřejnosti a skutečně mají ","_„_Jo_“, _„_jo_“, _„_ne_“, _„_já_“, _souhlasím s tebou_. Pokud si chtějí zvolit tu konkrétní víru, to je pro mě taky v pořádku _, _víš_ _, jak dlouho_, pokud se nesnaží mě do toho vtáhnout a zatáhnout..."
sw2015_B_20,HI,Long_Token,67,"like* सेना में, और दो साल घूम-घूमकर मिशनरी तरह का काम करते हैं और, ","like* सेना में, और दो साल घूम-घूमकर मिशनरी तरह का काम करते हैं और, ","_हाँ_ _, _ _हाँ_ _, _ _नहीं_ _, _ _I_ _, _ मैं इस बात पर आपसे सहमत हूँ। अगर वे उस खास धर्म को चुनना चाहते हैं तो वह मुझे भी ठीक लगता है _, _ _you_ _know_ _, _ जब तक वे मुझे उसमें खींचने और घसीटने की क..."
sw2015_B_20,HI,Long_Token,71," वह एक बात है जिसके बारे में मैं बहुत मज़बूती से महसूस करता हूँ, यानी, "," वह एक बात है जिसके बारे में मैं बहुत मज़बूती से महसूस करता हूँ, यानी, ","_हाँ_ _, _ _हाँ_ _, _ _नहीं_ _, _ _I_ _, _ मैं इस बात पर आपसे सहमत हूँ। अगर वे उस खास धर्म को चुनना चाहते हैं तो वह मुझे भी ठीक लगता है _, _ _you_ _know_ _, _ जब तक वे मुझे उसमें खींचने और घसीटने की क..."
sw2015_B_20,HI,Long_Token,64," लोग मेरे दरवाज़े तक आना, और ख़ास तौर पर धार्मिक संगठन और चाहना "," लोग मेरे दरवाज़े तक आना, और ख़ास तौर पर धार्मिक संगठन और चाहना ","_हाँ_ _, _ _हाँ_ _, _ _नहीं_ _, _ _I_ _, _ मैं इस बात पर आपसे सहमत हूँ। अगर वे उस खास धर्म को चुनना चाहते हैं तो वह मुझे भी ठीक लगता है _, _ _you_ _know_ _, _ जब तक वे मुझे उसमें खींचने और घसीटने की क..."
sw2015_B_22,CS,Long_Token,77,", já nemám bouřkové dveře, ale jsem si jistý, že bych mohl něco zařídit. Ale ",", já nemám bouřkové dveře, ale jsem si jistý, že bych mohl něco zařídit. Ale ","_Jo_, _jo_, _to je pravda, _jo_. _Ne_, _já_ _ne_, _uh_, _já_ _ne_ _mám_, _já_ _nešel_ tak daleko, ale, _uh_, _jo_ pravděpodobně bych mohl udělat to samé, _uh_, _víš_, já nemám bouřkové dveře, ale jsem..."
sw2015_B_22,CS,Long_Token,60,"je to jako oni vidí to slovo a říká to jdi, místo zastavit. ","je to jako oni vidí to slovo a říká to jdi, místo zastavit. ","_Jo_, _jo_, _to je pravda, _jo_. _Ne_, _já_ _ne_, _uh_, _já_ _ne_ _mám_, _já_ _nešel_ tak daleko, ale, _uh_, _jo_ pravděpodobně bych mohl udělat to samé, _uh_, _víš_, já nemám bouřkové dveře, ale jsem..."
sw2020_A_3,ES,Long_Token,108, tiendo a ser una de esas personas que cambia de estaciones mucho porque no me gustan los comerciale...," tiendo a ser una de esas personas que cambia de estaciones mucho porque no me gustan los comerciales. But, "," _Well_, yo principalmente escucho música popular. I, _uh_, escucho a ella todo el tiempo _in_ _ _ , _ en mi carro, así que, _I_ _ , _ tiendo a ser una de esas personas que cambia de estaciones mucho ..."
sw2020_A_3,IT,Long_Token,108,tendo ad essere una di quelle persone che cambia spesso stazione perché non mi piacciono le pubblici...,"tendo ad essere una di quelle persone che cambia spesso stazione perché non mi piacciono le pubblicità. Ma, ","_Beh_, ascolto principalmente musica pop. Io, _uh_, la ascolto sempre _in_ _, _in_ macchina, quindi, _io_ _, _tendo ad essere una di quelle persone che cambia spesso stazione perché non mi piacciono l..."
sw2020_B_20,ES,Long_Token,97," no tengo realmente nada en contra de la música rap. Yo, lo único que objetó sobre la música rap "," no tengo realmente nada en contra de la música rap. Yo, lo único que objetó sobre la música rap ","_Sí_ __ _Bueno_, __ _Yo_ __ _yo_ no tengo realmente nada en contra de la música rap. Yo, lo único que objetó sobre la música rap _es_ __ _es_ cuando se vuelve militante, o si es _eh_ orientada a la vi..."
sw2020_B_32,ES,Long_Token,55," acerca de cuarenta o cincuenta años. Y, fue increíble "," acerca de cuarenta o cincuenta años. Y, fue increíble "," Y, _uh_, era sobre, _el_ __ _la_ _pieza_ _de_ _música_ __, _la pieza de música_ era sobre __ _yo_ _pienso_ acerca de cuarenta o cincuenta años. Y, fue increíble __ _yo_ _quiero decir_ __ _el paralelo..."
sw2020_B_104,CS,Long_Token,34,"opravdu to není world music. Ale, ","opravdu to není world music. Ale, ","_No_, _víš_, _opravdu to není world music. Ale, _co_, _co_ Paul Simon dělá _, _já_ _myslím_ _je_, _je_ skvělé protože on _, _víš_ _já_ _myslím_ _, _já_ _myslím_ _že_ používání _, _já_ _hádám_ _co_ _on..."
sw2020_B_104,HI,Long_Token,52, बहुत सारे अलग-अलग स्रोतों से आकर्षित करना और बनाना , बहुत सारे अलग-अलग स्रोतों से आकर्षित करना और बनाना ,"Well _, _ you know _, _ सच में वह वर्ल्ड म्यूजिक नहीं है। लेकिन, what _, _ जो पॉल साइमन कर रहे हैं _, _ I think is _, _ is _, _ यह शानदार है क्योंकि वह _, _ you know I think _, _ I think कि उपयोग करना..."
sw2020_B_118,HI,Long_Token,69," उन गुणों को लेना, और फिर लागू करना, उन शैलियों में, that are really "," उन गुणों को लेना, और फिर लागू करना, उन शैलियों में, that are really ","I _, _ मुझे लगता है, you know, और यह उसी तरह है, you know, वर्ल्ड म्यूजिक के साथ, जो रूप वास्तव में रहे हैं, um, I guess _, _ I you know _, _ the best example या _, _ you know , _ सबसे बेहतरीन, I gues..."
sw2022_B_12,ES,Long_Token,59,", nuestro propio dinero para diversión y cosas así y luego ",", nuestro propio dinero para diversión y cosas así y luego ","_Uh_, _we__'ve_ _we've_, _uh_, tomado cuánto tenemos _,_you_ _know_ _, escribimos cuánto tenemos llegando cada mes y luego, _uh_, hemos, al comienzo del año nos sentamos y determinamos cuánto podríamo..."
sw2022_B_12,HI,Long_Token,135," हर बार जब हम कुछ खर्च करते हैं, हम इसे किताब में लिखते हैं और महीने के अंत में हम इसे जोड़ते हैं यह..."," हर बार जब हम कुछ खर्च करते हैं, हम इसे किताब में लिखते हैं और महीने के अंत में हम इसे जोड़ते हैं यह देखने के लिए कि हम कितने करीब हैं ","Uh, we 've _, _ हमने, uh, यह लिया कि हमारे पास कितना है _, _ you know _, _ हर महीने कितना पैसा आता है यह लिख लिया और फिर, uh, हमने, साल की शुरुआत में हम बैठे और तय किया कि हम कितना खर्च कर सकते हैं। ह..."
sw2022_B_18,HI,Long_Token,61," अगर कुछ आ जाए और आप इसके भीतर नहीं रह पाएं तो हमारे पास, uh "," अगर कुछ आ जाए और आप इसके भीतर नहीं रह पाएं तो हमारे पास, uh ","Yeah _, _ हाँ _, _ I stay wi-_ _, _ मुझे इसका पालन करना पड़ता है, तो मैं _, _ you know, और फिर हमारे पास वह है _, _ you know, if you ca n't stay _, _ अगर कुछ आ जाए और आप इसके भीतर नहीं रह पाएं तो हमार..."
sw2022_B_18,HI,Long_Token,55, like हम इसे अपनी स्लश फंड कहते हैं या कुछ और और some- , like हम इसे अपनी स्लश फंड कहते हैं या कुछ और और some- ,"Yeah _, _ हाँ _, _ I stay wi-_ _, _ मुझे इसका पालन करना पड़ता है, तो मैं _, _ you know, और फिर हमारे पास वह है _, _ you know, if you ca n't stay _, _ अगर कुछ आ जाए और आप इसके भीतर नहीं रह पाएं तो हमार..."
sw2022_A_21,AR,Long_Token,98, نحن نحاول أن، آه، نفعل ذلك هذا العام. لقد وضعنا في الميزانية المال الذي نحن كنّا نستخدم لإنفاق ، , نحن نحاول أن، آه، نفعل ذلك هذا العام. لقد وضعنا في الميزانية المال الذي نحن كنّا نستخدم لإنفاق ، ,هذا اختيارٌ جيد، نحن قد كنّا نحاول ، _ نحن نحاول أن، آه، نفعل ذلك هذا العام. لقد وضعنا في الميزانية المال الذي نحن كنّا نستخدم لإنفاق ، _ كنّا ننفقه على حساب CODA مع T I، ثم المال الذي كنّا أيضًا نشتر...
sw2022_A_21,CS,Long_Token,55,", letos. Naplánovali jsme si do rozpočtu peníze, které ",", letos. Naplánovali jsme si do rozpočtu peníze, které ","Přeložte následující text do češtiny:
To je dobrá volba, _snažíme se_ o_to_ už_ _dlouho, _snažíme se_ o_to, _ehm_, letos. Naplánovali jsme si do rozpočtu peníze, které _jsme_ _použili_ utratit_, _kter..."
sw2022_A_39,AR,Long_Token,44, لقد قمنا بـ، آه، حساب CODA مع T I حيث هم ، , لقد قمنا بـ، آه، حساب CODA مع T I حيث هم ، ,نعم ، _ في الغالب ما نحن نقوم به ، _ نحن كنّا قد عملنا ، _ لقد قمنا بـ، آه، حساب CODA مع T I حيث هم ، _ نضع فيه مبلغًا معينًا في الشهر، ثم هم، أو مبلغًا معينًا من كل راتب، ثم يقومون بمطابقته._
sw2022_A_39,IT,Long_Token,51,"abbiamo fatto il, eh, conto CODA con T I dove loro ","abbiamo fatto il, eh, conto CODA con T I dove loro ","_Sì_, _per lo più quello che noi stiamo facendo_, _noi abbiamo lavorato_, _abbiamo fatto il, eh, conto CODA con T I dove loro _, _ noi mettiamo una certa somma al mese, e poi loro, oppure una certa so..."
sw2022_A_45,AR,Long_Token,100, آه، شركة جون هانكوك جاءت، وقام وكيلهم بعمل تحليل طويل المدى بناءً على الراتب و، آه، ما كنّا نخط- ، , آه، شركة جون هانكوك جاءت، وقام وكيلهم بعمل تحليل طويل المدى بناءً على الراتب و، آه، ما كنّا نخط- ، ,نعم . _ الشيء الآخر الذي نحن قمنا به، ذلك ، _ كان من اللطيف حقًا أن نراه، كان لدينا إحدى الشركات المالية، أم، هان- ، _ آه، شركة جون هانكوك جاءت، وقام وكيلهم بعمل تحليل طويل المدى بناءً على الراتب و، آ...
sw2022_A_45,CS,Long_Token,92,", společnost John Hancock, a jejich agent provedl dlouhodobou analýzu založenou na platu a, ",", společnost John Hancock, a jejich agent provedl dlouhodobou analýzu založenou na platu a, ","_Jo_ _. _ Další věc, kterou jsme udělali, _co_ _, _co bylo opravdu hezké vidět, byla jedna z finančních společností, _ehm_, _han-_ _, _eh_, společnost John Hancock, a jejich agent provedl dlouhodobou ..."
sw2022_A_45,HI,Long_Token,81," वह देखना वास्तव में अच्छा था, हमारे पास वित्तीय कंपनियों में से एक थी, अम, हैन- "," वह देखना वास्तव में अच्छा था, हमारे पास वित्तीय कंपनियों में से एक थी, अम, हैन- ","हाँ . _ दूसरी चीज़ जो हमने की है, वह _, _ वह देखना वास्तव में अच्छा था, हमारे पास वित्तीय कंपनियों में से एक थी, अम, हैन- _, _ अह, जॉन हैनकॉक कंपनी आई और उनके एजेंट ने वेतन के आधार पर दीर्घकालिक विश्ल..."
sw2022_A_45,HI,Long_Token,103," अह, जॉन हैनकॉक कंपनी आई और उनके एजेंट ने वेतन के आधार पर दीर्घकालिक विश्लेषण किया और, अह, हम क्या य..."," अह, जॉन हैनकॉक कंपनी आई और उनके एजेंट ने वेतन के आधार पर दीर्घकालिक विश्लेषण किया और, अह, हम क्या यो- ","हाँ . _ दूसरी चीज़ जो हमने की है, वह _, _ वह देखना वास्तव में अच्छा था, हमारे पास वित्तीय कंपनियों में से एक थी, अम, हैन- _, _ अह, जॉन हैनकॉक कंपनी आई और उनके एजेंट ने वेतन के आधार पर दीर्घकालिक विश्ल..."
sw2022_A_45,IT,Long_Token,87,"che è stato davvero bello vedere, abbiamo avuto una delle società finanziarie, um, han-","che è stato davvero bello vedere, abbiamo avuto una delle società finanziarie, um, han-","_Sì_. _L’altra cosa che abbiamo fatto, quella_, _che è stato davvero bello vedere, abbiamo avuto una delle società finanziarie, um, han-_, _eh_, la società John Hancock è venuta fuori e il loro agente..."
sw2022_B_52,IT,Long_Token,64,"Sembra interessante, non abbiamo mai fatto niente-, abbiamo, sai","Sembra interessante, non abbiamo mai fatto niente-, abbiamo, sai","_Uh-huh_. _Sembra interessante, non abbiamo mai fatto niente-, abbiamo, sai_, _solo il nostro_, _il nostro consulente per l’assicurazione sulla vita è venuto_, _sai, e ha impostato_, _eh_, _sai_, _det..."
sw2022_B_52,IT,Long_Token,60,il nostro consulente per l’assicurazione sulla vita è venuto,il nostro consulente per l’assicurazione sulla vita è venuto,"_Uh-huh_. _Sembra interessante, non abbiamo mai fatto niente-, abbiamo, sai_, _solo il nostro_, _il nostro consulente per l’assicurazione sulla vita è venuto_, _sai, e ha impostato_, _eh_, _sai_, _det..."
sw2022_B_54,IT,Long_Token,55,"se gli succedesse qualcosa, non resterei in Texas, io, ","se gli succedesse qualcosa, non resterei in Texas, io, ","_Giusto_, _sì_, _sai, se, venderei la_, _sai, se, lui_, _se gli succedesse qualcosa, non resterei in Texas, io, _eh_, venderei la casa e tornerei a casa_, _sai _, _ nella mia città natale, e_, _e, _eh..."
sw2024_B_4,FR,Long_Token,79,", n'étant pas natif du Texas, mais étant ici depuis onze ans, j'ai tendance à, ",", n'étant pas natif du Texas, mais étant ici depuis onze ans, j'ai tendance à, ","_Euh_, _j'ai_ _pas_ _, _ j'ai_ _, _ j'ai une grande variété _de_ _, _ de passe-temps, donc, _mes_ _, _ mes plaisirs de lecture sont assez larges. _Eum_, je tire un plaisir de, _euh_, TEXAS HIGHWAY, qu..."
sw2024_B_4,IT,Long_Token,66,"i miei piaceri di lettura sono piuttosto ampi. Um, mi entusiasma, ","i miei piaceri di lettura sono piuttosto ampi. Um, mi entusiasma, ","_Eh, non ho_, _ho_, _una grande varietà di_, _di hobby, quindi, i_, _i miei piaceri di lettura sono piuttosto ampi. Um, mi entusiasma, _eh_, TEXAS HIGHWAY, che è, eh, molto colorato, e, _eh_, non esse..."
sw2024_B_4,IT,Long_Token,74,", non essendo un nativo del Texas, ma essendo qui da undici anni tendo a, ",", non essendo un nativo del Texas, ma essendo qui da undici anni tendo a, ","_Eh, non ho_, _ho_, _una grande varietà di_, _di hobby, quindi, i_, _i miei piaceri di lettura sono piuttosto ampi. Um, mi entusiasma, _eh_, TEXAS HIGHWAY, che è, eh, molto colorato, e, _eh_, non esse..."
sw2024_B_8,AR,Long_Token,114, آه، بالتأكيد، إنه رائع بالطريقة التي تم تقسيمه بها ويمكنك، آه، تنظيم رحلات صغيرة ورحلات يومية وأشيا..., آه، بالتأكيد، إنه رائع بالطريقة التي تم تقسيمه بها ويمكنك، آه، تنظيم رحلات صغيرة ورحلات يومية وأشياء. إنه جميل ، ,أوه نعم ، _ إنه ، _ إنه ، _ آه، بالتأكيد، إنه رائع بالطريقة التي تم تقسيمه بها ويمكنك، آه، تنظيم رحلات صغيرة ورحلات يومية وأشياء. إنه جميل ، _ جميل جدًا. أم، أوه، أحب التصوير الفوتوغرافي، أم، المجلات....
sw2024_B_8,AR,Long_Token,84, ومجلات هندسة المصانع و، أقرأ عن طرق مختلفة للقيام بالأشياء ومجلات إدارة الطاقة و ، , ومجلات هندسة المصانع و، أقرأ عن طرق مختلفة للقيام بالأشياء ومجلات إدارة الطاقة و ، ,أوه نعم ، _ إنه ، _ إنه ، _ آه، بالتأكيد، إنه رائع بالطريقة التي تم تقسيمه بها ويمكنك، آه، تنظيم رحلات صغيرة ورحلات يومية وأشياء. إنه جميل ، _ جميل جدًا. أم، أوه، أحب التصوير الفوتوغرافي، أم، المجلات....
sw2024_B_8,IT,Long_Token,147,", assolutamente, è fantastico il modo in cui è suddiviso e puoi, eh, organizzare piccoli viaggi e gi...",", assolutamente, è fantastico il modo in cui è suddiviso e puoi, eh, organizzare piccoli viaggi e gite di un giorno e cose del genere. È abbastanza","Oh sì_, _è_, _è_, _eh_, assolutamente, è fantastico il modo in cui è suddiviso e puoi, eh, organizzare piccoli viaggi e gite di un giorno e cose del genere. È abbastanza_, _piuttosto carino. _Um_, _oh..."
sw2024_B_8,IT,Long_Token,59,", le riviste. Non faccio un abbonamento o cose del genere. ",", le riviste. Non faccio un abbonamento o cose del genere. ","Oh sì_, _è_, _è_, _eh_, assolutamente, è fantastico il modo in cui è suddiviso e puoi, eh, organizzare piccoli viaggi e gite di un giorno e cose del genere. È abbastanza_, _piuttosto carino. _Um_, _oh..."
sw2024_B_8,IT,Long_Token,63,", cose, oh, essendo un ingegnere nelle strutture leggo molto di",", cose, oh, essendo un ingegnere nelle strutture leggo molto di","Oh sì_, _è_, _è_, _eh_, assolutamente, è fantastico il modo in cui è suddiviso e puoi, eh, organizzare piccoli viaggi e gite di un giorno e cose del genere. È abbastanza_, _piuttosto carino. _Um_, _oh..."
sw2024_B_8,IT,Long_Token,122,e riviste di ingegneria degli impianti e leggo sui diversi modi di fare le cose e sulle riviste di g...,e riviste di ingegneria degli impianti e leggo sui diversi modi di fare le cose e sulle riviste di gestione dell’energia e,"Oh sì_, _è_, _è_, _eh_, assolutamente, è fantastico il modo in cui è suddiviso e puoi, eh, organizzare piccoli viaggi e gite di un giorno e cose del genere. È abbastanza_, _piuttosto carino. _Um_, _oh..."
sw2024_A_15,IT,Long_Token,62,", in questo momento sto leggendo occasionalmente un libro su, ",", in questo momento sto leggendo occasionalmente un libro su, ","_E_, eh, _oh_, credo che mi piaccia una varietà di cose, _eh_, molta narrativa, _eh_, _libri di quel tipo. _Eh_, in questo momento sto leggendo occasionalmente un libro su, _eh_, il Mardi Gras a New O..."
sw2024_A_35,AR,Long_Token,147, أعتقد ليس الكثير من الكتب على الرغم من أنها أحيانًا تحتوي على كتيبات وأشياء، لكن، آه، ستكون أشياء ع..., أعتقد ليس الكثير من الكتب على الرغم من أنها أحيانًا تحتوي على كتيبات وأشياء، لكن، آه، ستكون أشياء عن مثل كيف تكون ناجحًا ونوعًا ما تتحدث إلى نفسك ,حسنًا، لا أعرف، أم، أنا، آه، حضرت بعض الندوات التي كانت تحتوي على بعض الأشرطة التي تصاحبها، لكن، آه ، _ أعتقد ليس الكثير من الكتب على الرغم من أنها أحيانًا تحتوي على كتيبات وأشياء، لكن، آه، ستكون أشيا...
sw2024_A_35,CS,Long_Token,81,"předpokládám, že ne tolik knih, i když někdy mívají manuály a podobné věci, ale, ","předpokládám, že ne tolik knih, i když někdy mívají manuály a podobné věci, ale, ","_No_, nevím, _ehm_, já, _eh_, jsem se zúčastnil nějakých seminářů, ke kterým patřily i nějaké kazety, ale, _eh_ _, _ _předpokládám, že ne tolik knih, i když někdy mívají manuály a podobné věci, ale, _..."
sw2024_A_35,CS,Long_Token,56, jak být úspěšný a jak si tak nějak mluvit sám se sebou , jak být úspěšný a jak si tak nějak mluvit sám se sebou ,"_No_, nevím, _ehm_, já, _eh_, jsem se zúčastnil nějakých seminářů, ke kterým patřily i nějaké kazety, ale, _eh_ _, _ _předpokládám, že ne tolik knih, i když někdy mívají manuály a podobné věci, ale, _..."
sw2024_A_35,HI,Long_Token,168," मुझे लगता है किताबें इतनी नहीं हालाँकि उनके पास कभी-कभी मैनुअल और चीजें होती हैं, लेकिन, अह, वे चीज..."," मुझे लगता है किताबें इतनी नहीं हालाँकि उनके पास कभी-कभी मैनुअल और चीजें होती हैं, लेकिन, अह, वे चीजें इस बारे में होंगी जैसे सफल कैसे हों और एक तरह से खुद से बात करना ","खैर, मुझे नहीं पता, अम, मैंने, अह, कुछ सेमिनारों में भाग लिया है जिनके साथ कुछ टेप्स थीं, लेकिन, अह, _ मुझे लगता है किताबें इतनी नहीं हालाँकि उनके पास कभी-कभी मैनुअल और चीजें होती हैं, लेकिन, अह, वे च..."
sw2027_A_7,HI,Long_Token,73, मैं वास्तव में इसका ध्यान रखने की कोशिश करता हूँ और जैसा कि आप कहते हैं , मैं वास्तव में इसका ध्यान रखने की कोशिश करता हूँ और जैसा कि आप कहते हैं ,"हाँ _, _ आपको पता है _, _ हम भी कुछ उसी तरह के हैं। मैं कोशिश करता हूँ, मैं उसी तरह का हूँ जैसे आप हैं, मैं एक तरह से दिन-ब-दिन आंकने की कोशिश करता हूँ। मुझे पता है _, _ आपको पता है _, _ जहाँ मैं हूँ ..."
sw2027_A_7,IT,Long_Token,100,"anche noi siamo un po’ così. Cerco di, sono come te, cerco un po’ di giudicare giorno per giorno. So","anche noi siamo un po’ così. Cerco di, sono come te, cerco un po’ di giudicare giorno per giorno. So","_Sì_, _sai_, _anche noi siamo un po’ così. Cerco di, sono come te, cerco un po’ di giudicare giorno per giorno. So_, _sai_, _dove sono lavoriamo molto con i clienti e abbiamo molti funzionari governat..."
sw2027_A_7,IT,Long_Token,99,dove sono lavoriamo molto con i clienti e abbiamo molti funzionari governativi che vengono sempre e,dove sono lavoriamo molto con i clienti e abbiamo molti funzionari governativi che vengono sempre e,"_Sì_, _sai_, _anche noi siamo un po’ così. Cerco di, sono come te, cerco un po’ di giudicare giorno per giorno. So_, _sai_, _dove sono lavoriamo molto con i clienti e abbiamo molti funzionari governat..."
sw2027_A_31,CS,Long_Token,76,"Myslím, že s tím měli loni v létě problém, nosili tyhle kraťasy, které byly ","Myslím, že s tím měli loni v létě problém, nosili tyhle kraťasy, které byly ","A tyhle ani nebyly úplně plné. _Myslím, že s tím měli loni v létě problém, nosili tyhle kraťasy, které byly _, _ _víš_ _, _ ty opravdu široké plné _, _ _víš_ _, a _protože-_ _, _ tohle ani nebyly. Tyh..."
sw2027_A_65,AR,Long_Token,70, أنا كذلك. أعمل أسرع، أنجز الأمور أسرع، من عندما أكون في فستان وكعب ، , أنا كذلك. أعمل أسرع، أنجز الأمور أسرع، من عندما أكون في فستان وكعب ، ,أنا ، _ أنا كذلك. أعمل أسرع، أنجز الأمور أسرع، من عندما أكون في فستان وكعب ، _ أنت تعرف، أنا، ومن الغريب لكن أنا ، _ إنه أنا أفعل ، _ أنا أستطيع ، _ أستطيع أن أنجز الكثير أكثر إذا كنت مرتديًا ملابس مر...
sw2027_A_65,AR,Long_Token,58, أستطيع أن أنجز الكثير أكثر إذا كنت مرتديًا ملابس مريحة ، , أستطيع أن أنجز الكثير أكثر إذا كنت مرتديًا ملابس مريحة ، ,أنا ، _ أنا كذلك. أعمل أسرع، أنجز الأمور أسرع، من عندما أكون في فستان وكعب ، _ أنت تعرف، أنا، ومن الغريب لكن أنا ، _ إنه أنا أفعل ، _ أنا أستطيع ، _ أستطيع أن أنجز الكثير أكثر إذا كنت مرتديًا ملابس مر...
sw2027_A_65,CS,Long_Token,58," můžu toho udělat mnohem víc, když jsem oblečená pohodlně "," můžu toho udělat mnohem víc, když jsem oblečená pohodlně ","_Já_ _, _ to jsem. Pracuji rychleji, věci zvládnu rychleji, než když mám na sobě šaty a podpatky _, _ _víš_, já, a je to divné, ale _já_ _, _ _to_ je_ _já_ _dělám_ _, _ _já_ _můžu_ _, _ můžu toho uděl..."
sw2027_A_65,HI,Long_Token,71, मैं कहीं ज़्यादा काम निपटा सकती हूँ अगर मैंने आरामदायक कपड़े पहने हैं , मैं कहीं ज़्यादा काम निपटा सकती हूँ अगर मैंने आरामदायक कपड़े पहने हैं ,"मैं _, _ मैं हूँ। मैं तेज़ काम करती हूँ, मैं चीज़ें तेज़ निपटाती हूँ, बजाय जब मैं ड्रेस और हील्स में होती हूँ _, _ आपको पता है _, मैं, और यह अजीब है लेकिन मैं _, _ यह है मैं करती हूँ _, _ मैं कर सकती ..."
sw2027_A_65,IT,Long_Token,114,"lo sono. Lavoro più velocemente, porto a termine le cose più velocemente, che quando indosso un vest...","lo sono. Lavoro più velocemente, porto a termine le cose più velocemente, che quando indosso un vestito e i tacchi","_Io_, _lo sono. Lavoro più velocemente, porto a termine le cose più velocemente, che quando indosso un vestito e i tacchi_, _sai, io, ed è strano ma io_, _è che io lo faccio,_ io posso, _posso fare mo..."
sw2027_A_79,AR,Long_Token,52, أنت تعرف ، إذا دخلت مرتديًا بنطالًا، و أنا أبدًا ، , أنت تعرف ، إذا دخلت مرتديًا بنطالًا، و أنا أبدًا ، ,حسنًا لا أعرف، أنا فقط أعتقد ، _ أنت تعرف ، _ نعم، أحيانًا أقلق بشأن ، _ أنت تعرف ، إذا دخلت مرتديًا بنطالًا، و أنا أبدًا ، _ أنا أبدًا أبدًا، أبدًا، أبدًا لا أدخل مرتديًا بنطلون جينز ، _ أنت تعرف. لك...
sw2027_A_79,AR,Long_Token,74, أنت تعرف. لكن سأدخل مرتديًا بنطالًا. أنا أعني اليوم كنت أرتدي زوجًا من ، , أنت تعرف. لكن سأدخل مرتديًا بنطالًا. أنا أعني اليوم كنت أرتدي زوجًا من ، ,حسنًا لا أعرف، أنا فقط أعتقد ، _ أنت تعرف ، _ نعم، أحيانًا أقلق بشأن ، _ أنت تعرف ، إذا دخلت مرتديًا بنطالًا، و أنا أبدًا ، _ أنا أبدًا أبدًا، أبدًا، أبدًا لا أدخل مرتديًا بنطلون جينز ، _ أنت تعرف. لك...
sw2027_A_79,AR,Long_Token,103, أنت تعرف ، لا أعرف إذا كانوا يفعلون أم لا. أنت تعرف ، أرى الكثير من المديرين وهم يرتدون الجينز، لذا..., أنت تعرف ، لا أعرف إذا كانوا يفعلون أم لا. أنت تعرف ، أرى الكثير من المديرين وهم يرتدون الجينز، لذا ، ,حسنًا لا أعرف، أنا فقط أعتقد ، _ أنت تعرف ، _ نعم، أحيانًا أقلق بشأن ، _ أنت تعرف ، إذا دخلت مرتديًا بنطالًا، و أنا أبدًا ، _ أنا أبدًا أبدًا، أبدًا، أبدًا لا أدخل مرتديًا بنطلون جينز ، _ أنت تعرف. لك...
sw2027_A_79,CS,Long_Token,33,. Ale půjdu dovnitř v kalhotách. ,. Ale půjdu dovnitř v kalhotách. ,"_No_ nevím, jen si říkám _, _ _víš_ _, _ _jo_, někdy si dělám starosti s _, _ _víš_ _, _ jestli půjdu dovnitř v kalhotách, a _já_ _nikdy_ _, _ nikdy, nikdy, nikdy nepůjdu dovnitř v džínách _, _ _víš_ ..."
sw2028_A_125,AR,Long_Token,258, بالاعتناء بـ آه، أنا في الواقع في قسم الهواء، ونحن نراقب، أم، أي شيء يخرج من مداخن، أو من مبنى، أو،..., بالاعتناء بـ آه، أنا في الواقع في قسم الهواء، ونحن نراقب، أم، أي شيء يخرج من مداخن، أو من مبنى، أو، أم، لدينا عملاء، أم، اهتماماتهم تكون في مكان العمل ونحن نعتني بذلك، لكن، داخل قسمنا. نحن نعتني بكل شيء. مياه الصرف، آه، النفايات الصلبة، وإعادة التدوير، و ، ,الاعتناء ، _ بالاعتناء بـ آه، أنا في الواقع في قسم الهواء، ونحن نراقب، أم، أي شيء يخرج من مداخن، أو من مبنى، أو، أم، لدينا عملاء، أم، اهتماماتهم تكون في مكان العمل ونحن نعتني بذلك، لكن، داخل قسمنا. نح...
sw2028_A_125,CS,Long_Token,55,", cokoli, co vychází z komína, nebo z budovy, nebo, ehm",", cokoli, co vychází z komína, nebo z budovy, nebo, ehm","_Pečuji_ o_,_ starám se o_eh_, vlastně pracuji v divizi vzduchu a my monitorujeme, ehm_, cokoli, co vychází z komína, nebo z budovy, nebo, ehm_, máme zákazníky, kteří, ehm_, mají obavy na pracovišti a..."
sw2028_A_125,CS,Long_Token,117,", mají obavy na pracovišti a my se o to staráme, ale v rámci našeho oddělení. Staráme se o všechno. ...",", mají obavy na pracovišti a my se o to staráme, ale v rámci našeho oddělení. Staráme se o všechno. Odpadní voda, ehm","_Pečuji_ o_,_ starám se o_eh_, vlastně pracuji v divizi vzduchu a my monitorujeme, ehm_, cokoli, co vychází z komína, nebo z budovy, nebo, ehm_, máme zákazníky, kteří, ehm_, mají obavy na pracovišti a..."
sw2028_A_125,ES,Long_Token,163,", sus preocupaciones estan en el lugar de trabajo y nosotros nos encargamos de eso, pero, dentro de ...",", sus preocupaciones estan en el lugar de trabajo y nosotros nos encargamos de eso, pero, dentro de nuestro departamento. No es encargamos de todo. Agua residual, ","Cuidar, cuidar de _uh_, en realidad estoy en la division aerea, y nostros monitoreamos, _um_ cualquier cosa que salga de las chimeneas, o de los edificios, o, _um, tenemos clientes que, _um_, sus preo..."
sw2028_A_147,CS,Long_Token,55,", cokoli, co vychází z komína, nebo z budovy, nebo, ehm",", cokoli, co vychází z komína, nebo z budovy, nebo, ehm","_Pečuji_ o_,_ starám se o_eh_, vlastně pracuji v divizi vzduchu a my monitorujeme, ehm_, cokoli, co vychází z komína, nebo z budovy, nebo, ehm_, máme zákazníky, kteří, ehm_, mají obavy na pracovišti a..."
sw2028_A_147,CS,Long_Token,119,", mají obavy na pracovišti a my se o to staráme, ale v rámci našeho oddělení.  Staráme se o všechno....",", mají obavy na pracovišti a my se o to staráme, ale v rámci našeho oddělení.  Staráme se o všechno.  Odpadní voda, ehm","_Pečuji_ o_,_ starám se o_eh_, vlastně pracuji v divizi vzduchu a my monitorujeme, ehm_, cokoli, co vychází z komína, nebo z budovy, nebo, ehm_, máme zákazníky, kteří, ehm_, mají obavy na pracovišti a..."
sw2032_A_77,AR,Long_Token,54, أنا أحب رولينغ ستونز القديمة. لا أحب الأشياء الجديدة., أنا أحب رولينغ ستونز القديمة. لا أحب الأشياء الجديدة.,نعم ، _ هم ما زالوا ، _ ما زالوا موجودين، لديهم جي- ، _ قرص C D جديد، لكن أنا ، _ أنا لن أشتريه. لأن انظر، ما يحدث هو، القديم، انظر متى-، أنا أحب ، _ أنا أحب رولينغ ستونز القديمة. لا أحب الأشياء الجدي...
sw2032_A_77,CS,Long_Token,30, bych si ho nekoupil. Protože , bych si ho nekoupil. Protože ,"_Jo_ _, _ _oni_ jsou_ _, _ pořád tu jsou, mají venku _no-_ _, _nové C D, ale _já_ _, _ bych si ho nekoupil. Protože _vidíš_, co se stane je, že ti starí, _vidíš_ kde-, _mám_ _rad_ _, _ Mám rád staré R..."
sw2032_A_77,FR,Long_Token,35, je ne l'achèterais pas. Parce que , je ne l'achèterais pas. Parce que ,"_Ouais_ _, _ _ils_ _sont_ _, _ ils sont toujours là, ils ont un _nou-_, _ nouveau CD qui vient de sortir, mais _je_ _, _ je ne l'achèterais pas. Parce que _écoute_, ce qui se passe, c'est que les vieu..."
sw2032_A_77,IT,Long_Token,88,"non lo comprerei. Perché vedi, quello che succede è, i vecchi, vedi co-, io mi piacciono","non lo comprerei. Perché vedi, quello che succede è, i vecchi, vedi co-, io mi piacciono","_Sì _, _loro sono_, _sono ancora in giro, hanno un nuo-_, _nuovo CD fuori, ma io_, _non lo comprerei. Perché vedi, quello che succede è, i vecchi, vedi co-, io mi piacciono_, _mi piacciono i vecchi Ro..."
sw2032_A_135,AR,Long_Token,57, الثمانينيات يُطلق عليها، مثل السنوات التقدمية، أو الـ ، , الثمانينيات يُطلق عليها، مثل السنوات التقدمية، أو الـ ، ,لذلك، الأمر مثل، لم يحدث شيء خلال السبعينيات. كل شيء حدث خلال الستينيات، السبعينيات لا أعرف ماذا يُطلق عليها ، _ أنت تعرف، إنها مثل ، _ مثل الـ ، _ الثمانينيات يُطلق عليها، مثل السنوات التقدمية، أو ال...
sw2032_A_135,ZH,Long_Token,69," for disfluent tokens:

所以，就好像，七十年代什么都没发生。所有事情都发生在六十年代，七十年代我不知道他们叫什么，"," for disfluent tokens:

所以，就好像，七十年代什么都没发生。所有事情都发生在六十年代，七十年代我不知道他们叫什么，","Here’s __Translation 20__ using __single underscores__ for disfluent tokens:

所以，就好像，七十年代什么都没发生。所有事情都发生在六十年代，七十年代我不知道他们叫什么，_你_ _知道_，就 _像是_，_像是_ 八十年代被称为，_像是_ 进步的年代，_或者_ _是_，_或者_，_你_ _知道_，_像是_ 科技年代，因为有了..."
